{"id":"f104302e-f5fd-446e-8e4d-f3c4d9e36598","data":{"nodes":[{"id":"CustomComponent-p8w1x","type":"genericNode","position":{"x":173.6126014165078,"y":4.47425297181438},"data":{"type":"CustomComponent","node":{"template":{"_type":"Component","code":{"type":"code","required":true,"placeholder":"","list":false,"show":true,"multiline":true,"value":"# from langflow.field_typing import Data\nfrom langflow.custom import Component\nfrom langflow.io import MessageTextInput, IntInput, Output\nfrom langflow.schema import Data\n\n\nclass CustomComponent(Component):\n    display_name = \"Calculato\"\n    description = \"plus two number\"\n    documentation: str = \"http://docs.langflow.org/components/custom\"\n    icon = \"custom_components\"\n    name = \"CustomComponent\"\n\n    inputs = [\n        MultilineInput(\n            name=\"input_value\",\n            display_name=\"Text\",\n            info=\"Text to be passed as output.\",\n        ),\n        IntInput(\n            name=\"first_number\",\n            display_name=\"FirstNum\"\n        ),\n        IntInput(\n            name=\"second_number\",\n            display_name=\"SecondNum\"\n        ),\n    ]\n\n    outputs = [\n        Output(display_name=\"OutputNumber\", name=\"output_number\", method=\"compute\"),\n        Output(display_name=\"OutputString\", name=\"output_string\", method=\"combine\")\n    ]\n\n    def compute(self) -> Message:\n        \n        result = self.first_number + self.second_number\n        \n        return Message(\n                text=str(result)            \n            )\n            \n    def combine(self) -> Message:\n        \n        result = self.first_number + self.second_number\n        \n        return Message(\n                text=self.input_value+str(result)            \n            )\n","fileTypes":[],"file_path":"","password":false,"name":"code","advanced":true,"dynamic":true,"info":"","load_from_db":false,"title_case":false},"first_number":{"trace_as_metadata":true,"list":false,"required":false,"placeholder":"","show":true,"name":"first_number","value":3,"display_name":"FirstNum","advanced":false,"dynamic":false,"info":"","title_case":false,"type":"int","_input_type":"IntInput"},"input_value":{"trace_as_input":true,"multiline":true,"trace_as_metadata":true,"load_from_db":false,"list":false,"required":false,"placeholder":"","show":true,"name":"input_value","value":"結果是","display_name":"Text","advanced":false,"input_types":["Message"],"dynamic":false,"info":"Text to be passed as output.","title_case":false,"type":"str","_input_type":"MultilineInput"},"second_number":{"trace_as_metadata":true,"list":false,"required":false,"placeholder":"","show":true,"name":"second_number","value":4,"display_name":"SecondNum","advanced":false,"dynamic":false,"info":"","title_case":false,"type":"int","_input_type":"IntInput"}},"description":"plus two number","icon":"custom_components","base_classes":["Message"],"display_name":"Calculator","documentation":"http://docs.langflow.org/components/custom","custom_fields":{},"output_types":[],"pinned":false,"conditional_paths":[],"frozen":false,"outputs":[{"types":["Message"],"selected":"Message","name":"output_number","display_name":"OutputNumber","method":"compute","value":"__UNDEFINED__","cache":true,"hidden":false},{"types":["Message"],"selected":"Message","name":"output_string","display_name":"OutputString","method":"combine","value":"__UNDEFINED__","cache":true,"hidden":false}],"field_order":["input_value","first_number","second_number"],"beta":false,"edited":true,"metadata":{},"lf_version":"1.0.19"},"id":"CustomComponent-p8w1x"},"selected":false,"width":384,"height":501,"positionAbsolute":{"x":173.6126014165078,"y":4.47425297181438},"dragging":false},{"id":"TextOutput-lGyLV","type":"genericNode","position":{"x":766.7197658069595,"y":117.15505519741114},"data":{"type":"TextOutput","node":{"template":{"_type":"Component","code":{"type":"code","required":true,"placeholder":"","list":false,"show":true,"multiline":true,"value":"from langflow.base.io.text import TextComponent\nfrom langflow.io import MultilineInput, Output\nfrom langflow.schema.message import Message\n\n\nclass TextOutputComponent(TextComponent):\n    display_name = \"Text Output\"\n    description = \"Display a text output in the Playground.\"\n    icon = \"type\"\n    name = \"TextOutput\"\n\n    inputs = [\n        MultilineInput(\n            name=\"input_value\",\n            display_name=\"Text\",\n            info=\"Text to be passed as output.\",\n        ),\n    ]\n    outputs = [\n        Output(display_name=\"Text\", name=\"text\", method=\"text_response\"),\n    ]\n\n    def text_response(self) -> Message:\n        message = Message(\n            text=self.input_value,\n        )\n        self.status = self.input_value\n        return message\n","fileTypes":[],"file_path":"","password":false,"name":"code","advanced":true,"dynamic":true,"info":"","load_from_db":false,"title_case":false},"input_value":{"trace_as_input":true,"multiline":true,"trace_as_metadata":true,"load_from_db":false,"list":false,"required":false,"placeholder":"","show":true,"name":"input_value","value":"","display_name":"Text","advanced":false,"input_types":["Message"],"dynamic":false,"info":"Text to be passed as output.","title_case":false,"type":"str","_input_type":"MultilineInput"}},"description":"Display a text output in the Playground.","icon":"type","base_classes":["Message"],"display_name":"Text Output","documentation":"","custom_fields":{},"output_types":[],"pinned":false,"conditional_paths":[],"frozen":false,"outputs":[{"types":["Message"],"selected":"Message","name":"text","display_name":"Text","method":"text_response","value":"__UNDEFINED__","cache":true}],"field_order":["input_value"],"beta":false,"edited":false,"metadata":{}},"id":"TextOutput-lGyLV"},"selected":false,"width":384,"height":289,"dragging":false,"positionAbsolute":{"x":766.7197658069595,"y":117.15505519741114}}],"edges":[{"source":"CustomComponent-p8w1x","sourceHandle":"{œdataTypeœ:œCustomComponentœ,œidœ:œCustomComponent-p8w1xœ,œnameœ:œoutput_stringœ,œoutput_typesœ:[œMessageœ]}","target":"TextOutput-lGyLV","targetHandle":"{œfieldNameœ:œinput_valueœ,œidœ:œTextOutput-lGyLVœ,œinputTypesœ:[œMessageœ],œtypeœ:œstrœ}","data":{"targetHandle":{"fieldName":"input_value","id":"TextOutput-lGyLV","inputTypes":["Message"],"type":"str"},"sourceHandle":{"dataType":"CustomComponent","id":"CustomComponent-p8w1x","name":"output_string","output_types":["Message"]}},"id":"reactflow__edge-CustomComponent-p8w1x{œdataTypeœ:œCustomComponentœ,œidœ:œCustomComponent-p8w1xœ,œnameœ:œoutput_stringœ,œoutput_typesœ:[œMessageœ]}-TextOutput-lGyLV{œfieldNameœ:œinput_valueœ,œidœ:œTextOutput-lGyLVœ,œinputTypesœ:[œMessageœ],œtypeœ:œstrœ}","className":""}],"viewport":{"x":-10.203920178078846,"y":118.39254741549863,"zoom":0.6025552365163259}},"description":"Building Intelligent Interactions.","name":"Calculate","last_tested_version":"1.0.19","endpoint_name":null,"is_component":false}