起始日期,結束日期,新聞標題,新聞數量
20230327,20230402,東非狒狒遭槍擊身亡 北市動物園今解剖,137
20230327,20230402,700萬顆進口蛋來支援! 今早開始北部量販店開賣,73
20230327,20230402,4月新制! 全民領6千 北北基小黃起跳價大漲15元,68
20230327,20230402,甩行人地獄!不讓行人最高罰3600元 擴大執法,57
20230327,20230402,200元抽500萬!蔣動用二備金 拚北市30億商機,55
20230327,20230402,"UBA政大完成3連霸 學長蔣萬安""騎馬舞""助威",51
20230327,20230402,"頭痛!""累犯阿伯""揮利器鬧北捷 竟還是通緝犯",49
20230327,20230402,"連假首日! 機捷接恐嚇""台北站放炸彈""警戒備",45
20230327,20230402,"文湖線過站不停 北捷:""訊號異常""送機廠詳查",38
20230327,20230402,北捷.新樂園 兒童連假5天免費,36
20230403,20230409,"立委初選激烈廝殺!蔣萬安介入協調""芯費戰""",172
20230403,20230409,"兒童樂園動物園爆人潮! 爸媽""排到想哭""全家都瘋掉?!",110
20230403,20230409,"北捷4／9試辦1列""友善寵物"" 毛孩進車廂可不關籠",51
20230403,20230409,4／4兒童節 北市長蔣萬安嗨和小朋友帶動跳,43
20230403,20230409,"連假後口罩有望解禁 北市開放""次世代""3.1萬劑預約",41
20230403,20230409,"疏導車流遭控""彎腿撞車"" 警亮密錄器還原",24
20230403,20230409,北市3月建物買賣移轉 較去年同期減近3成,23
20230403,20230409,蔣萬安臉書曬家庭照 喊全力為台北市打拚,22
20230403,20230409,北捷萬大線工程釀1死 承包商停工.罰30萬,19
20230403,20230409,"不辦跨年演唱會?蔣市府擬在信義區打造""多舞台",19
20230410,20230416,內湖槍擊案最新進展 蔣萬安:已鎖定槍手,204
20230410,20230416,處女秀登場! 蔣萬安首度赴議會施政報告備質詢,173
20230410,20230416,國民黨首波立委提名 侯友宜.盧秀燕.蔣萬安同台,128
20230410,20230416,北市國小童淪統戰工具 陸委會:若違法將查處,64
20230410,20230416,"傳中國再贈貓熊蔣讚""好事"" 國台辦打臉:不實",50
20230410,20230416,史上最難捷運工程! 蔣萬安視察信義線東延段,49
20230410,20230416,"北市旅館公會爆糾紛 前理事長""攜斧劈門""",30
20230410,20230416,新北鐵道馬拉松接力賽 北北基桃首長組隊參賽,29
20230410,20230416,台北警破地下酒店 幕後操盤者寶和會長落網,27
20230410,20230416,蔣拜會洗三溫暖!藍營送暖.綠營砲轟.民眾黨揶揄,26
20230417,20230423,鬆綁!今起搭公共運輸可免戴口罩,63
20230417,20230423,從台北追到板橋! 飛車追逐開10槍 2嫌尋仇後投案,48
20230417,20230423,北市青年失業率六都最高! 蔣萬安:解決問題,46
20230417,20230423,縣市正副市長與會 探討永續城市解方,46
20230417,20230423,"網紅醫""賣耳溫槍""不準惹議 衛生局查販售許可",32
20230417,20230423,大巨蛋完工倒數! 朝年底啟用目標邁進,31
20230417,20230423,"北市水利處爆工程""驗收放水"" 7官商遭約談",25
20230417,20230423,"""行人地獄""矯枉過正? 救護車執勤仍""禮讓行人""",25
20230417,20230423,"出席青商會""時間錯開"" 蔣萬安.王世堅沒碰頭",24
20230417,20230423,左轉道恍神釀4車撞? 公車駕駛當街遭包圍,23
20230424,20230430,內湖槍案警逮11嫌 蔣萬安:暴力零容忍,81
20230424,20230430,八縣市首長攜手新世代 青年創議開創新未來,69
20230424,20230430,"林書豪御用按摩師爆""密醫"" 衛生局:最重關五年",45
20230424,20230430,泰山經營權之爭 龍邦董座被控率警帶走獨董,44
20230424,20230430,親自抬轎參與宗教盛事 蔡英文蔣萬安難得同框沒互動,41
20230424,20230430,政院核定捷運東環段 蔣萬安陪陳建仁視察,40
20230424,20230430,北市衛局食安抽檢 驗出2款泡麵含環氧乙烷,34
20230424,20230430,"9旬老翁不滿遭女""頭髮甩到""! 捷運上憤怒飆罵推擠",26
20230424,20230430,"再補一刀! 警設局騙""詐欺案被害人"" 討六萬",25
20230424,20230430,中正紀念堂蔣公銅像遭漆彈射擊 遭憲兵警齊壓制,23
20230501,20230507,"警紀出包?北市所長涉洩密給詐團首腦""藍道""",165
20230501,20230507,5／1起路口交通大執法 不禮讓行人罰3600元,67
20230501,20230507,北市下架退貨9噸A肝莓 法務局:好市多需補償,55
20230501,20230507,"八里槍擊案嫌""劍潭案""落網! 揪出犯案槍枝",41
20230501,20230507,"內湖社區驚見""猴王"" 連日偷蔬果民眾不堪其擾",41
20230501,20230507,2女受害! 捷運襲胸又強撲 恐怖色狼遭判刑,35
20230501,20230507,北市首次戰災演習 消防結合民間動員救災,30
20230501,20230507,侯友宜.蔣萬安出手協調 藍營士北區立委由張斯綱出線,29
20230501,20230507,熊讚被CUE上備詢台 議員:熊讚你真的很懶惰,22
20230501,20230507,製作人槍擊案露曙光 警兩波行動逮同夥,20
20230508,20230514,信義區現天坑急灌漿 蔣萬安赴現場視察,393
20230508,20230514,全台捷運大巡檢!蔣萬安拍板:有異物就阻發車,127
20230508,20230514,"A肝莓延燒!北市疑通報""1個案"" 衛生局:檢驗中",115
20230508,20230514,南港工地懸吊建材 上升至半空突墜落砸地,60
20230508,20230514,開箱大巨蛋! 草皮鋪設.應援區曝光 拚年底完工,49
20230508,20230514,故宮遭恐嚇放南北院區共放5炸彈 警加強戒備,43
20230508,20230514,慈祐宮媽祖聖誕三獻禮 賴清德蔣萬安同台互動熱,34
20230508,20230514,"終結行人地獄! 北中南串聯""路口快閃""活動",33
20230508,20230514,"""開箱試乘""警車! 醉男將依社會秩序法送辦",21
20230508,20230514,"信義區""極簡日租套房""曝 北市府開罰775萬元",21
20230515,20230521,"信義區""天坑""抓漏 蔣:1週內查完102處開挖工地",130
20230515,20230521,展團結氣勢!藍營誓師大會 13縣市長出席,84
20230515,20230521,"基北北桃""1200月票""6／15開賣 7月正式上路",43
20230515,20230521,北市民宅突傳屋頂坍塌 轟然巨響嚇壞居民,41
20230515,20230521,YOUBIKE資料外洩 北市提醒注意電話詐騙,40
20230515,20230521,"童跌進""水表箱""流血! 北水處:需自行維護",27
20230515,20230521,慈濟浴佛節睽違3年舉辦 政治人物共祈福,26
20230515,20230521,北市巷弄槍響! 毒販撞輾警車 警開4槍還擊,26
20230515,20230521,"少年斑馬線上""跑""過馬路遭撞 警:雙方都有責",23
20230515,20230521,男朝女乘客丟水瓶 公車司機勸阻遭痛毆勒脖,22
20230522,20230528,北市深夜怪風吹倒多棵路樹 蔣萬安回應,64
20230522,20230528,YouBike遭駭客攻擊! 逾4萬會員個資外洩,45
20230522,20230528,"獅子林通訊行3度鬧事! 男""亮槍""反遭路人奪",40
20230522,20230528,北市交通事故較去年增加 蔣萬安:會盡最大努力,36
20230522,20230528,"""呼吸器掉了也不知"" 聯醫護理師被爆上班開直播",36
20230522,20230528,行人交通.雙城論壇等 蔣萬安赴議會報告,34
20230522,20230528,"對im.B詐騙案""深惡痛絕"" 蔣萬安:徹查背後首腦",25
20230522,20230528,台北國際旅展5／26到29登場 優惠好康省很大,35
20230522,20230528,自己的國家自己救 民安演習!8旬翁收召集令,23
20230522,20230528,"湯包店驚見""2隻大老鼠聚餐"" 北市衛生局:進行複查",22
20230529,20230604,民進黨性騷案 北市府要查.要求6／5前說明,105
20230529,20230604,"蔣萬安首度議會總質詢 議員送""選哲""大禮包",55
20230529,20230604,因應瑪娃颱風 蔣萬安19:00赴防災應變中心主持,55
20230529,20230604,微風南京牆外3工人受困 疑吊籠鋼索鬆脫,36
20230529,20230604,6月新制! 夏季電費平均多付479元 1200月票開跑,29
20230529,20230604,已婚男師大談不倫戀 同校女師.家長都受害,28
20230529,20230604,"北投街道驚見""噴水池"" 貨車撞消防栓落跑遭逮",26
20230529,20230604,"驚悚! 大樓修繕傳意外 ""榔頭""從天而降險砸人",25
20230529,20230604,北市動物園申請 保育員加薪被拒,22
20230529,20230604,柯辦雙城論壇留呆帳107萬 洪健益促蔣萬安追討,20
20230605,20230611,"""抹布水煮麵""都全錄! 影片不算證據?衛生局難開罰",181
20230605,20230611,情殺?北投名鹹粥店闆娘備料遭近距離槍擊亡,180
20230605,20230611,駐衛警5年性騷6女僅2申誡? 蔣萬安:絕不包庇,106
20230605,20230611,通勤族福音 北中南三生活圈月票6／15開賣,79
20230605,20230611,大雨轟炸!北市康樂隧道土石滑落 部分道路一度封閉,50
20230605,20230611,"天母停車場有大洞 男童一下車摔坑險遭""滅頂""",48
20230605,20230611,"王世堅送""秤""盼公平施政 蔣萬安:我心有所屬",35
20230605,20230611,宣傳南門市場百粽宴 蔣萬安自爆喜歡北部粽,35
20230605,20230611,悚!天母百貨驚傳5歲女童遭伸狼爪 警急逮嫌犯,33
20230605,20230611,YOUTUBER金針菇出包 泡菜驗違規添加物,33
20230612,20230618,砂石車超載!撞毀信義區店面 屋恐傾斜急疏散,118
20230612,20230618,TPASS通勤月票明開賣 運具吉祥物齊助陣,81
20230612,20230618,"北投工地""爆模""19樓噴出水泥 1人傷3車毀損",44
20230612,20230618,20噸鋼筋從天降! 北車旁建案工安意外險砸人開罰,41
20230612,20230618,中央.新北互槓幼童篩檢 蔣萬安:重點確保孩子健康,36
20230612,20230618,"天母停車場有大洞 男童一下車摔坑險遭""滅頂""",34
20230612,20230618,北市飲冰品抽驗7件不合格 清原.頂呱呱上榜,26
20230612,20230618,大巨蛋每場賽事要租金100萬?蔣萬安:會再跟遠雄溝通,18
20230612,20230618,悠遊卡公司爭議連爆 蔣:舊市府要尊重新民意,17
20230612,20230618,"性騷風暴!鍾沛君進議會""眉深鎖"" 蔣萬安送暖",15
20230619,20230625,"砂石車撞損信義52年樓 市府勘驗二樓""已龜裂""",66
20230619,20230625,北捷試辦車型空間優化 拆除文湖線車廂座椅,49
20230619,20230625,午後暴雨成災!北市重慶南路路樹倒塌 交通受阻,42
20230619,20230625,端午活動親自上陣 蔣萬安率局處首長下水划龍舟,39
20230619,20230625,PO文痛揭遭受客師霸凌! 黃舒湄籲北影公開影片,31
20230619,20230625,健身房24小時營運會員多 無預警倒閉員工不知情,29
20230619,20230625,畢旅爆A流+類流群聚 北市高中至少145人生病,29
20230619,20230625,龍頭斷了!圓山飯店天花板掉砸毀百年金龍,26
20230619,20230625,年度總體修繕明結束 北市動物園後天重開園祭優惠,24
20230619,20230625,北市機械停車場意外! 駕駛連人帶車墜b3,23
20230626,20230702,北農改選變天! 楊鎮浯出任董座 吳芳銘接總經理,96
20230626,20230702,台北市變河流! 30號大雨狂炸 交通嚴重受阻,75
20230626,20230702,TPASS月票7／1上路 北桃通勤成本大降70%,69
20230626,20230702,"挨轟缺席戴資穎決賽! 蔣稱""行程滿"":有致電恭喜",63
20230626,20230702,停讓行人新制上路首日 六都開出268張罰單,46
20230626,20230702,"阿波羅大廈管委會鬧雙胞 新管委會砲轟建管處""擺爛""",28
20230626,20230702,北捷糾紛多! 人多踩腳噴辣椒水.醉漢隨機毆人,27
20230626,20230702,跟大貓熊喝下午茶 北市動物園主題餐廳亮相,26
20230626,20230702,疫後首個暑假 蔣萬安啟動青春專案聯合稽查,24
20230626,20230702,"不付千元車資賞警巴掌! 男遭判""慘賠170倍""",24
20230703,20230709,辦炎亞綸案涉洩密 北市警局長震怒斥責下屬,158
20230703,20230709,"北市南京西路突地裂現天坑 多元計程車""壓過爆胎""",103
20230703,20230709,"台灣燒番薯! 社子島最高溫38.6度 北市""紅色警戒""",59
20230703,20230709,"出訪新加坡交流意見! 蔣萬安:市政考察""4面向""",50
20230703,20230709,大稻埕180秒煙火5號登場! 首次連放7週共8場,44
20230703,20230709,士林重陽橋墩剝落 轎車停紅燈慘遭砸中,40
20230703,20230709,TPASS上路首遇通勤日 北捷大致順暢,35
20230703,20230709,"3百億租屋補貼申請開跑 開放臨櫃""隨到隨辦""",34
20230703,20230709,田園海鮮餐廳爆食物中毒 衛生局稽查揪8缺失,34
20230703,20230709,"北市國小午餐有""鈕扣.筆芯"" 廠商一年出包12次",25
20230710,20230716,天坑周邊住戶缺水一整天! 北市府急架臨時管線,301
20230710,20230716,柯文哲北流辦演唱會遭拒 暗酸蔣市府阻擋,95
20230710,20230716,716居住正義大遊行估上萬人參與 400名警力戒備!,61
20230710,20230716,逛寧夏夜市一家4口驚魂 童遭天將磁磚砸傷,52
20230710,20230716,大稻埕煙火人賞破3.2萬人 逾500名警力管制,50
20230710,20230716,妳沒穿內衣?女遇警攔查哭回家 北市交大懲處,45
20230710,20230716,"國小女童""字太醜""遭補習班師打手 家長怒告傷害",38
20230710,20230716,AIT擴增地居民盼留住 蔣:重視市民聲音,32
20230710,20230716,"陳昇涉性騷! 北市府開槍""啤酒節確定除名""",28
20230710,20230716,場務專家Chad Olsen進行場勘 給予大巨蛋建議,27
20230717,20230723,"捷克馬來貘""貘克""疑熱衰竭 北市動物園證實死訊",84
20230717,20230723,"使用許可過期! 北流電梯遭爆""仍在運行""",82
20230717,20230723,北市這兩個地方怪男出沒 鎖定落單女搭訕,51
20230717,20230723,雙北市長一起串聯 蔣萬安:需要侯市長的魄力,50
20230717,20230723,"""北北基桃暢遊卡""8／11前上路! 22景點→30個",50
20230717,20230723,716居住正義大遊行估上萬人參與 400名警力戒備!,49
20230717,20230723,"北市冰品抽驗!""12件不合格"" 連鎖店上榜",45
20230717,20230723,讀報-萬安演習7／24登場!捷運只進不出 北北基桃管制措施出爐,33
20230717,20230723,傅?萁性平爭議藍營甩鍋 去函北市府權責單位處理,26
20230717,20230723,"親自出席雙城論壇""簡訊露餡""? 蔣:未做最後決定",21
20230724,20230730,"嚴防""杜蘇芮""釀災 北市府防颱修剪逾4萬株路樹",319
20230724,20230730,"蔣萬安視察""萬安演習"" 模擬南港車站遭攻擊",106
20230724,20230730,"39年最接近""實戰""的軍演 漢光39號演習登場",45
20230724,20230730,疑外牆年久失修 北市萬華某大樓突下磁磚雨,45
20230724,20230730,北流爭議造成公帑損失 監委申請主動調查,42
20230724,20230730,信義區舊公所鷹架突倒塌? 建管局:拆除工法,41
20230724,20230730,推東區徒步區! 蔣市府將塗銷上百機車格8月動工,22
20230724,20230730,"北市停車有夠貴! 永康街停車場""半小時""噴70元",20
20230724,20230730,北市抽驗黃麴黴菌 不合格店家曝,18
20230724,20230730,"北捷8月底推""共享雨傘"" 租借費每小時19元",18
20230731,20230806,卡努來襲!台北停班課 蔣萬安坐鎮災害應變中心,986
20230731,20230806,北市信義區驚悚行兇 男持菜刀砍傷3路人,44
20230731,20230806,推東區徒步區! 蔣市府將塗銷上百機車格8月動工,31
20230731,20230806,"北市赫見爛尾樓 2案實登加註""無法依約完工""",31
20230731,20230806,"前瞻預算分配 高雄拿1／4.北市""六都墊底""!",23
20230731,20230806,圓山捷運站外隨機攻擊 街頭藝人遭嗆驚逃,21
20230731,20230806,"男酒駕遭攔! 囂張拒絕酒測 嗆警大喊""打我啊""",20
20230731,20230806,憂成功市場地下化衝擊生意 攤商赴北市府陳情,19
20230731,20230806,東區地下街驚魂!母子遭推撞 路人錄影也遭襲,16
20230731,20230806,8／1起禁PLA免洗餐具 北市大稽查,15
20230807,20230813,雨炸北台灣! 北市大同時雨量破百 水淹半輪高,133
20230807,20230813,午後大雨停車場變瀑布 斯文首善社宅地下室狂噴水,97
20230807,20230813,北捷悶熱瀰漫汗臭味 蔣萬安下令48小時內降溫,84
20230807,20230813,登革熱疫情北燒! 北市現今年首例本土個案,77
20230807,20230813,網紅違建遭舉報7年不理 北市府限期9月拆,71
20230807,20230813,大稻埕煙火秀加碼到360秒! 警實施周邊道路管制,50
20230807,20230813,麻生太郎唯一會面首長! 蔣:與日本維持良好關係,47
20230807,20230813,台北榮總旁電箱起火 石牌商圈近百戶停電,29
20230807,20230813,"染""食腦變形蟲""女疫調出爐 北市:只去過1場域",28
20230807,20230813,街頭強搶780萬! 嫌犯竟是北市公燈處員工,28
20230814,20230820,台大化工系實驗室驚傳爆炸! 2人燒燙傷.7人嗆傷,111
20230814,20230820,拚還路於民!820遊行估湧萬人 凱道周邊交管,101
20230814,20230820,"北市又有坑! 中山區民生東路二段""道路塌陷""",88
20230814,20230820,北市又見天坑!南港現2米大洞 緊急封路搶修,58
20230814,20230820,大稻埕480秒焰火秀 周日壓軸演出 留意交管,48
20230814,20230820,"雨彈狂轟! 大直""人孔蓋沖起"" 圓山多處積淹水",39
20230814,20230820,"捷運車廂大唱""煎熬"" 女乘客拒下車影響行駛",37
20230814,20230820,"雙城論壇因""軍演改期""? 市府:一切照慣例",39
20230814,20230820,"北捷中山站淪""搭訕熱區"" 警盤查攔可疑男子",33
20230814,20230820,慶客家崇正會70週年 侯蔣現身合體搶攻客家票,27
20230821,20230827,"疑落雷影響號誌! 北捷""文湖線""停駛40分鐘",78
20230821,20230827,"北市3個多月來第5處""天坑"" 萬華昆明街建案旁路面塌陷",72
20230821,20230827,"北捷也遭殃! 北投機廠深夜遭2男闖入""塗鴉""",44
20230821,20230827,北捷南港機廠工安意外 2維修員灼傷送醫,42
20230821,20230827,113年全中運台北登場 北市國.高中停課4天,34
20230821,20230827,"嚇!西門町蛇出沒 電影公園驚見3米長""黃金巨蟒""",29
20230821,20230827,松機一度跳電! 旅客摸黑拖行李 台電:饋線故障,28
20230821,20230827,"蔣萬安率隊上海參加""雙城論壇""! 恐遇颱風攪局",27
20230821,20230827,花博公園店家逢雨必淹 北市府挨批踢皮球,26
20230821,20230827,"大稻埕夏日節落幕 ""480秒煙火秀""逾十萬人搶看",25
20230828,20230903,啟程赴上海雙城論壇 蔣萬安:以行動創造契機,341
20230828,20230903,海葵恐登陸!北台首當其衝 蔣萬安坐鎮指揮,314
20230828,20230903,"中山北路""路樹倒塌"" 騎士遭砸彈飛重摔亡",135
20230828,20230903,饒河夜市爆水果攤坑殺外國客? 消保官突襲稽查,77
20230828,20230903,"大安夜店怒警臨檢 錄影酸警再來反遭""揪毒""",46
20230828,20230903,北捷美食地圖!吃爆45家必比登 紅線16家奪冠,32
20230828,20230903,海葵來襲菜價又漲 北農調節菜價,32
20230828,20230903,北捷劍潭站列車竄煙.燒焦味 600名乘客急換車,24
20230828,20230903,"復興SOGO""CITY SUPER""出包! 水產品檢出一氧化碳",21
20230828,20230903,網紅與蔣萬安拍片風波 市立動物園:跟政治無關,18
20230904,20230910,基泰建案惹禍! 北市大直6棟民宅嚴重下陷,2418
20230904,20230910,涉侵占校款逾4千萬! 再興小學董事長等9人遭約談,81
20230904,20230910,北市沒列警戒區也傳災情 東湖路樹倒塌.急鋸樹搶通,62
20230904,20230910,京華城改建工安意外! 吊車翻覆吊臂垂掛 駕駛受困,47
20230904,20230910,"前瞻治水補助""北市掛零"" 蔣萬安:積極爭取",31
20230904,20230910,北市中山警50重兵封街臨檢 突擊林森北30場所掃黑,26
20230904,20230910,中正一分局遭搜索!小隊長涉違法查個資洩密,25
20230904,20230910,文湖線每月2故障 議員許淑華要求北捷總體檢,21
20230904,20230910,"台北動物園""非市民""漲至100元! 最快明年2月上路",20
20230904,20230910,颱風接連來襲 北農釋出平價蔬菜50噸,17
20230911,20230917,北市府再槓基泰 替災民聲請第二波假扣押2億,1494
20230911,20230917,"北市赤峰街驚現""5米巨大天坑""! 14戶緊急疏散!",95
20230911,20230917,"北市又傳地面下陷! 南港建案旁""馬路裂30公尺""",91
20230911,20230917,北捷唭哩岸站旁 剪刀怪客隨機攻擊女子,67
20230911,20230917,"北捷驚見""乘客集體奔逃"" 男子疑身體不適倒臥車廂",42
20230911,20230917,"碧湖國小營養午餐吃到""金屬針管"" 開罰業者1.6萬",35
20230911,20230917,北市營養午餐限用國產蛋 衛生局稽查下架巴西蛋,33
20230911,20230917,時代雜誌封未來總統候選人 蔣萬安:做好市長,28
20230911,20230917,信義區高職生互嗆!學長持滅火器噴學弟 19生送醫,25
20230911,20230917,悚! 北市大安警出勤 騎機車遭賓士撞飛送醫,19
20230918,20230924,大直25戶重災戶 北市法務局開會討論財損賠償,228
20230918,20230924,畜產會逾期提供進口蛋資料 北市衛生局:最高罰300萬,215
20230918,20230924,北捷年輕人不讓博愛座 李昂點名蔣萬安回應,122
20230918,20230924,誤賣毒地瓜險害命! 北市衛生局稽查先開罰,70
20230918,20230924,柯文哲登北流兩度被拒! 文化局:拒絕政治活動,50
20230918,20230924,北市女警爭議是非多 涉偽造文書遭羈押免職,44
20230918,20230924,警用密錄器遭爆中國製 北市警局出面釋疑,34
20230918,20230924,蔣萬安今率團訪韓 參加2023市長高峰論壇,27
20230918,20230924,車站外作勢攻擊路人 女警壓制慘遭踹頭,22
20230918,20230924,"少年公園聊天遭""盤查"" 家長控:少年隊失當",17
20230925,20231001,大直街民宅下陷 北市拆25戶建物 提前完工,214
20230925,20231001,"赴警局代領""司法文書""遭拒 婦怒拍值班台遭逮",55
20230925,20231001,天花板突掉落! 北市建管處將艦定坍塌原因,47
20230925,20231001,買到黑臭蛋! 北市男急蒐證拍照 怒控:裡面還發霉,47
20230925,20231001,北市新南門市場10／7試營運 中繼市場今停業,42
20230925,20231001,陽明山溫泉幾近枯竭 前山公園公共浴池暫停開放,39
20230925,20231001,未提供蛋品流向資訊 北市開罰畜產會,29
20230925,20231001,陽明山變垃圾山 男赴國家公園丟大型廢棄物,27
20230925,20231001,北市女警爭議是非多 涉偽造文書遭羈押免職,22
20230925,20231001,台北市.首爾市簽訂MOU 盼增進兩市青年交流,21
20231002,20231008,"嚴防小犬! 北市:17時關水門.車輛""只出不進""",282
20231002,20231008,北市稽查美豬洗產地 5業者標示不符遭罰,67
20231002,20231008,雙十連假首日! 南門市場強勢回歸 試營運買氣旺,59
20231002,20231008,"北市議會開議藍綠叫陣 王世堅送蔣萬安""鍋子+白米""",58
20231002,20231008,大直傾斜民宅公辦都更案 同意僅3成7未達標,51
20231002,20231008,台北牛肉麵節花博登場 13家夯店推豪華限定款,40
20231002,20231008,"與""中央""主視覺互別苗頭?! 北市掛1523面國旗",39
20231002,20231008,大巨蛋複查過了! 北市府最快10月底取得使用照,37
20231002,20231008,"民眾憂""公費疫苗名單出現高端"" 蔣萬安:會跟中央談",31
20231002,20231008,"21小時交通管制! 信義區""白晝之夜""將嗨整晚",22
20231009,20231015,蔣萬安首次國慶升旗秀 3500人環北市府慢跑 商圈交管,137
20231009,20231015,北市某高中遭恐嚇!抓到了 竟是學生不滿被處分,71
20231009,20231015,內湖軍品店疑遭縱火 男試揹背包偷藏點火器,53
20231009,20231015,萬華公寓大樓疑藏應召站 大批警力出動掃黃,50
20231009,20231015,又有冷氣機從天降! 南港冷氣砸機車 嚇壞騎樓幼童,47
20231009,20231015,控女乘客沒主動讓博愛座 7旬翁挨告動手,38
20231009,20231015,"北捷文湖線一度""斷電停駛""! 下班乘客塞爆月台",37
20231009,20231015,"風向轉彎? 大直重災戶轟市府""公辦都更""方案",36
20231009,20231015,內湖警追緝逃逸毒犯 受傷送醫現場戒備中,36
20231009,20231015,得不償失!男捷運站翻圍欄逃票 恐付50倍車資,34
20231016,20231022,台塑5千人今進駐內湖憂壅塞 北市加開接駁車因應,115
20231016,20231022,東湖國小學生練唱 站梯突倒塌10人受傷,81
20231016,20231022,"台北時尚週閉幕大秀 蔣萬安""試裝""選衣困難求解",50
20231016,20231022,交通糾紛! 外送員持鋁棒嗆聲 動手推清潔隊員,36
20231016,20231022,北市國中違法賣垃圾食品 議員批罔顧學生健康,34
20231016,20231022,"警是鑽石大樓""老主顧"" 分局:調離原單位.加重記過2次",32
20231016,20231022,"大直鄰損戶""公辦都更""通過門檻! 北市府啟動程序",24
20231016,20231022,"""極端氣候""衝擊 陽明山缺水溫泉供應""拉警報""",23
20231016,20231022,"心理課程講師無照 逾30名學員喊退費""達4000萬元""",23
20231016,20231022,"桃再查獲""美豬變加豬"" 流向6縣市61業者",22
20231023,20231029,終於拿到使照! 蔣萬安.李四川率隊開箱大巨蛋,137
20231023,20231029,"萬聖節玩扮演! 蔣萬安化身""索隆""與小朋友同樂",53
20231023,20231029,"北市警疑""毒養線民"" 涉貪瀆.洩密遭聲押",48
20231023,20231029,蔣萬安拒高端疫苗入校 薛瑞元:北市別再糾結廠牌,27
20231023,20231029,傳娛樂城業者賣個資 刑大追查 民眾:只是簽連署書,26
20231023,20231029,"青旅一晚""1萬5""挨轟天價 觀傳局出手:將稽查",25
20231023,20231029,臺北時裝週閉幕式 蔣萬安PO出兩款試裝照,23
20231023,20231029,TIMEOUT雜誌:全球最酷40社區 台北中山區上榜,21
20231023,20231029,"總統車隊交管2分半 騎士比""不雅手勢""遭攔",21
20231023,20231029,"迎接萬聖節! 兒童樂園祭優惠""裝扮免費入場""",20
20231030,20231105,台北大巨蛋測試賽開放萬人進場 11／10免費索票,83
20231030,20231105,國民黨北市大造勢 侯友宜.韓國瑜.蔣萬安齊聚衝氣勢!,72
20231030,20231105,北市士林分局遭搜索 1警疑和毒販勾結遭帶回,60
20231030,20231105,"北市工地""甲苯突燃"" 15歲童工""全身成火球""",35
20231030,20231105,"恐怖! 文湖線葫洲站""電梯下墜"" 女脫困手仍抖",30
20231030,20231105,"公車行駛""後門開開"" 乘客緊抓扶桿:甩出去就慘了",28
20231030,20231105,西門町驚見6.5萬法拍屋 吸引91組人馬瘋搶,27
20231030,20231105,"不滿""違規記點""新制 計程車繞行交通部抗議",26
20231030,20231105,北投溫泉季登場 日本松山道後撞神轎祈福,26
20231030,20231105,北捷淡水線信號異常! 圓山站8百旅客下車換乘,23
20231106,20231112,大巨蛋將迎萬人進場 商家忙備料.停車大考驗,160
20231106,20231112,西門站內出電梯碰撞 翁持刀狂揮遭警壓制,48
20231106,20231112,灌漿車輾斃八旬婦卻沒罰 建管處急罰9萬.勒令停工,39
20231106,20231112,"宣傳公益月曆! 澳消防員爆""捷運飲酒""誠摯道歉",32
20231106,20231112,"禍從天降!通化夜市""2樓窗砸"" 女肩膀撕裂傷",28
20231106,20231112,北捷狀況多!手扶梯受傷去年65件 創5年新高,26
20231106,20231112,台北士林工地爆漿! 水泥13樓噴出波及鄰宅,22
20231106,20231112,"北投男國小旁""持槍""極力反抗 警壓制在地",20
20231106,20231112,"2023台北夜市""打牙祭"" TOP10""神級美食""出爐",16
20231106,20231112,"開放民眾體驗! 日""撞轎祭典""北市府熱血登場",11
20231113,20231119,大巨蛋首場公開預備賽 1萬3千名觀眾入場,223
20231113,20231119,"味全龍再奪冠! 老龍迷蔣萬安激動網封""新扶龍王""",59
20231113,20231119,睽違4年!南門市場回來了 民眾搶排開幕福袋,51
20231113,20231119,北市刑大旁爆喋血! 蘭州街2清潔隊員互砍 2死1危,51
20231113,20231119,北市公車司機喝藥酒 超車追撞小客車,30
20231113,20231119,"醉失控!""罪後真相""製片踹Uber又襲警 遭上銬",30
20231113,20231119,中山區酒店傳命案 男遭刀刺胸口傷重不治,21
20231113,20231119,重考生每年縮至2500人! 南陽補習街變小吃街,19
20231113,20231119,"北市二殯要換名! 民眾取名""殯殯有禮"" 最高拿5500元禮券",19
20231113,20231119,基泰大直.大巨蛋等案 蔣萬安北市議會專案報告,17
20231120,20231126,"比演唱會難搶! 大巨蛋""台韓戰""萬張票賣光",88
20231120,20231126,"床蝨入侵台北?! 旅館驚見""枕頭爬出臭蟲""市府要查!",64
20231120,20231126,北市19件蔬果農藥殘留 果然匯.兄弟飯店上榜,54
20231120,20231126,"做太慢？ 台北松山火鍋店老闆娘""賞員工3巴掌""",38
20231120,20231126,"拚""八仙過海""!蔣萬安率北市立委參選人登記",27
20231120,20231126,石牌市場工程意外 鐵條重砸百萬豪車險波及騎士,27
20231120,20231126,北市跨年超強卡司 金曲歌王歌后將登台嗨唱,22
20231120,20231126,味全龍封王遊行26日登場 蔣萬安同歡,22
20231120,20231126,北市某社宅爆危安 高中生猥褻13名國小童,21
20231120,20231126,餐飲搶人搶很兇月薪65K 北市徵才釋破千職缺,19
20231127,20231203,大巨蛋首戰1.3萬門票秒殺 黃牛氾濫警方開抓,351
20231127,20231203,北市松.信里長涉賄選遭搜索約談 徐巧芯:活動抹黑成賄選,123
20231127,20231203,艋舺青山宮遶境登場 警方深夜擴大臨檢,57
20231127,20231203,蔣萬安今赴議會備詢 王世堅再化身蔣師送禮,50
20231127,20231203,北市公館天降磁磚 女騎士遭波及摔車送醫,49
20231127,20231203,柯核定京華城容積率840% 蔣萬安:不合理,43
20231127,20231203,北市內湖凶殺! 外甥缺錢竟持刀砍阿姨,42
20231127,20231203,"里長揪無錫6日遊僅1.5萬 民眾憂""統戰意味""濃",38
20231127,20231203,"交通違規記點能幫轉移? 議員爆""黃牛喊價一點2千""",37
20231127,20231203,"""山寨版""走私螺螄粉網購隨手可得 蔣萬安令全面稽查",24
20231204,20231210,亞錦賽於大巨蛋登場 展現台北硬體實力,383
20231204,20231210,"蔣萬安全台輔選啟動! ""跨出首都""北中南跑透透",94
20231204,20231210,中國招待里長揪團旅遊 北檢已著手偵辦4案,52
20231204,20231210,萬華青山祭開跑 各陣營參選人到場祈福,47
20231204,20231210,女大生搭北捷遭性騷! 嚇壞錄影蒐證報警,44
20231204,20231210,"內湖737巷下""磁磚雨"" 店家嚇報警一度封路",36
20231204,20231210,"搭捷運""誤刷兒童卡"" 14歲女學生遭罰50倍",36
20231204,20231210,大巨蛋爭議延燒! 蔣萬安總質詢最新回應,34
20231204,20231210,囤房稅2.0各類差別稅率曝光 多屋族最高課4.8%,31
20231204,20231210,大同校園爆違建 北市建管處證實:至少五處,30
20231211,20231217,北市41里長疑受招待赴中旅遊 觸反滲透法遭約談,114
20231211,20231217,大巨蛋啟用公安受矚目 成政治攻防議題,75
20231211,20231217,台北跨年亮點記者會登場! 蔣萬安公布新彩蛋,74
20231211,20231217,台北馬拉松登場 近2.8萬人頂13度低溫開跑!,59
20231211,20231217,內湖交通沒救? 蔣萬安:沒柯文哲聰明但比他勤於溝通,54
20231211,20231217,多顆樹木遭砍斷+吸菸區告示牌 中正紀念堂遭砲轟,42
20231211,20231217,北投男公園持利器攻擊路人 一對父子險被砍傷,41
20231211,20231217,冷氣團襲台氣溫遽降 北投溫泉泡腳池一早爆滿,36
20231211,20231217,"施工鏟特斯拉! 車主轟""公告太小"" 憂損電池底盤",33
20231211,20231217,北一女校慶 橘色惡魔PK樂儀旗隊,33
20231218,20231224,寒流襲全台! 今晚下探6度 北市3天19人猝死,60
20231218,20231224,北市跨年三階段管制 19點後車輛只出不進,41
20231218,20231224,"柯粉申請開票""賴競總前路權""遭駁 蔣萬安:依規審查",38
20231218,20231224,環南市場消防管線噴泡沫水 波及攤商食材,38
20231218,20231224,率領北市立委候選人抽籤 蔣萬安喊8席全上,37
20231218,20231224,蔣萬安現身掀起民眾驚呼 內湖輔選搶攻婦女票!,29
20231218,20231224,北捷尾隨女子手扶梯偷拍 男子遭民眾當場抓包,28
20231218,20231224,"掛號費漲百元 六都醫療院所375家""歷年之最""",25
20231218,20231224,"""台北馬拉松""登場! 2.8萬跑者頂寒風細雨出發",24
20231218,20231224,木柵動物園驚人意外 白鼻心遭黑猩猩打死,23
20231225,20231231,"北捷跨年夜42小時不收班 ""潮天團""出動引人流",405
20231225,20231231,北市吊車副桿擦撞公車 車上人員緊急疏散,57
20231225,20231231,"不只是""師奶殺手""!蔣萬安輔選 阿伯見他超興奮",50
20231225,20231231,上任滿週年! 蔣萬安選在大巨蛋舉辦記者會,34
20231225,20231231,北市明星國小出現假老師! 誘騙女童進廁所,33
20231225,20231231,"竹聯幫""小鍾馗""把持 士林夜市攤販遭暴力討債",19
20231225,20231231,比跨年還擠! 信義誠品熄燈 周末湧入15萬人,18
20231225,20231231,泰勒絲明年3月大巨蛋開唱? 李四川:接洽中,17
20231225,20231231,北臺八縣市攜手四大超商 守護180萬名學童,14
20231225,20231231,松機計程車1／1起加收停留費 起跳價漲至135元,13
20240101,20240107,蔣萬安扮演最佳助選員 早起陪侯友宜北農拜票,130
20240101,20240107,300秒煙火秀迎接2024 台北101跨年眾星雲集,118
20240101,20240107,內湖建案離奇雙屍案! 工人疑中毒陳屍層板內,73
20240101,20240107,泰勒絲狂潮將襲台? 台北市政府證實1／18將與美團隊討論!?,61
20240101,20240107,4年少8萬 北市今年選舉人數209萬,40
20240101,20240107,凱旋苑戶外樓梯加窗 北市建管處：違規限改,34
20240101,20240107,日本石川縣地震災情 北市消防局:隨時可派搜救隊,25
20240101,20240107,"跨年到大稻埕公廁裝""寶特瓶針孔"" 物流司機遭逮",23
20240101,20240107,"台北燈節西區登場 主燈""城現光龍""金屬打造",22
20240101,20240107,台賣場蛋黃派預防性下架 北市衛生局:國內未進口同商品,16
20240108,20240114,天氣好投票率高! 北市投票率70.65%,156
20240108,20240114,政績.人氣加持 蔣萬安成藍營最強輔選員,79
20240108,20240114,柯粉包圍景福門! 柯文哲凱道之夜湧入超過35萬人,52
20240108,20240114,"松山投開票所""284張選票失竊"" 警逮捕74歲嫌犯",45
20240108,20240114,"好市多食安又出包! 豬肋排骨頭""藏刀片""刺舌",44
20240108,20240114,"北市環南市場""又下雪""! 消防泡沫狂噴8分鐘 攤商食材全遭殃",28
20240108,20240114,選舉前搶案!博愛特區行搶230萬 警突破斷點逮2搶匪,23
20240108,20240114,龍山寺點燈搶頭香 民眾8天前就來排隊,18
20240108,20240114,"防割喉案重演! 北市教育局擬中小學設""班班求救鈴""",17
20240108,20240114,排隊拉麵亂排廢造成水溝淹水 遭環保局開罰2400,16
20240115,20240121,週五起變天! 寒流週日報到 中部以北下探8至10度,106
20240115,20240121,科目三比賽掀爭議! 寧夏夜市發聲明道歉,65
20240115,20240121,北北基計程車春節加成30元! 2／5實施至2／14,62
20240115,20240121,低溫假第一槍! 蔣萬安:各校校長視情況停班課,47
20240115,20240121,"長照爆""人頭志工"" 假送餐詐交通補助款500萬",40
20240115,20240121,恭喜王世堅到國會! 蔣:沒辦法親送禮.少一點味道,39
20240115,20240121,高端開槓! 王必勝嗆蔣先道歉 北市府反擊,33
20240115,20240121,"藍營推""韓江配""爭立院龍頭? 蔣:韓國瑜在哪都發光",33
20240115,20240121,警出任務鳴笛合法闖紅燈 計程車未注意直撞上,27
20240115,20240121,"北市環南市場""又下雪""! 消防泡沫狂噴8分鐘 攤商食材全遭殃",23
20240122,20240128,入冬急凍寒流襲! 氣象專家估周二周三最冷,232
20240122,20240128,"年貨大街開跑! ""規模最大""迪化商圈人山人海",156
20240122,20240128,"超哥餐廳遭檢舉""環境不佳"" 衛生局稽查""限期改善""",128
20240122,20240128,陽明山國小放低溫假 桃園復興2國小附幼跟進,104
20240122,20240128,蔣萬安北車商圈送發財金 民眾熱情搶握手,43
20240122,20240128,"不畏低溫寒流! 蔣萬安""開箱""台北田徑場",32
20240122,20240128,春聯政治學比人氣 取龍諧音求心意,26
20240122,20240128,"北市國小傳霸凌案 加害人被爆是""競技小國手",26
20240122,20240128,寒流襲台低溫下探! 蔣萬安視察萬華避寒所,22
20240122,20240128,"寧夏夜市""科目三""比賽登場! 主題曲改""閩南語""歌詞",22
20240129,20240204,春節將至! 過年前採買年貨 迪化街湧人潮,103
20240129,20240204,"信義區新地標 ""台北天空塔""驚爆遭掏空10億",73
20240129,20240204,國產豬檢出瘦肉精 蔣萬安:北市查違規將下架,72
20240129,20240204,與蔣萬安點燈! 小松美羽作品 台北燈節亮相,63
20240129,20240204,Toyz開直播連槓大安分局 質疑超哥有特權,53
20240129,20240204,西門町旅店收炸彈恐嚇信 警派員搜索中,52
20240129,20240204,"巧連智停刊""資遣約200名員工"" 勞動局證實",48
20240129,20240204,"韓國瑜立院秘書長出爐?! 北市難放人 李四川""緊抱萬安""?!",44
20240129,20240204,"中職3／30開幕戰 味全.樂天有望搶先""攻蛋""",40
20240129,20240204,松山街頭30輛改裝機車狂飆 警僅驅趕開罰3人,35
20240205,20240211,台糖梅花豬中市檢出瘦肉精 全台衛生局稽查,93
20240205,20240211,台北燈節作品超吸睛! 插畫.雷射雕刻呈現西門之美,77
20240205,20240211,初一走春! 蔣萬安赴萬華龍山寺發錢母,64
20240205,20240211,台北花市啟動108小時不打烊 人潮湧現買氣夯,47
20240205,20240211,開心自拍! 蔣萬安會見東京都知事小池百合子,43
20240205,20240211,"陽明山櫻花季登場! 市長蔣萬安揭序幕""展期至3／17""",40
20240205,20240211,"蔣萬安施政滿意度49% 台北市民""快樂度""提升",34
20240205,20240211,年貨大街最後一天! 觀光客感受過年氛圍,33
20240205,20240211,凍漲27年! 蔣萬安拍板北市動物園門票漲至100元,32
20240205,20240211,"快訊! 信義區路樹突""倒塌砸車"" 北市府緊急處理",31
20240212,20240218,台北燈節展演範圍大.時間長 蔣盼經濟效益加乘,221
20240212,20240218,西門町槍擊案逮嫌犯 蔣萬安:不到24小時破案,130
20240212,20240218,大年初五情人節! 蔣萬安連跑8行程趕場,64
20240212,20240218,高中以下今開學 蔣萬安關心學童上學情形,34
20240212,20240218,員警闖紅燈持毒露餡 士林分局兩大過免職,30
20240212,20240218,美爆! 陽明山花季盛開湧遊客 賞櫻景點曝,27
20240212,20240218,"北捷搭手扶梯摔倒撞2女 7旬婦""過失傷害""判拘役",23
20240212,20240218,萬安緊抱婆媽瘋掉! 赴北市黨部團拜人氣夯,22
20240212,20240218,控公車超車險遭撞 騎士怒踹門要找駕駛理論,22
20240212,20240218,蔣萬安初四跑士北8宮廟! 發福袋民眾搶拿,20
20240219,20240225,"防雙北惡臭案重演! ""蔣市府列3大檢討""報告29號前出爐",359
20240219,20240225,北市慶城街工地突坍塌 路邊整排車輛大幅度傾斜,213
20240219,20240225,2024台北燈節 跨界與在地藝術家合作設計,119
20240219,20240225,市府稽查賣場 違規蘇丹紅產品是否全下架,112
20240219,20240225,備戰2026台北市長? 高嘉瑜:給我機會.全力以赴,45
20240219,20240225,"盧秀燕""手把手""攜蔣萬安 逛中台灣燈會",32
20240219,20240225,購屋預算較低! 北市平價住宅吸引民眾目光,21
20240219,20240225,車廂趁人擠性騷3女8次 男遭強制猥褻起訴,16
20240219,20240225,大直坍塌千萬賠償沒下文 蔣萬安態度硬,15
20240219,20240225,國小師趁學校沒人擅用廣播訴委屈 里民被迫當聽眾,14
20240226,20240303,讀賣巨人交流賽! 首攻台北大巨蛋交手中信.樂天,206
20240226,20240303,"youbike恢復前30分免費! 蔣萬安視察""車租借率高""",106
20240226,20240303,2024台北燈節最後倒數! 九小龍宣傳世壯運,88
20240226,20240303,家屬嗆衝228追思會抗議 蔣萬安:願聆聽多元聲音,72
20240226,20240303,總統府20多歲憲兵倒地 送醫後傷重不治,70
20240226,20240303,首例麻疹境外個案 北市衛生局公布足跡,52
20240226,20240303,市府稽查賣場 違規蘇丹紅產品是否全下架,48
20240226,20240303,拍片教霸佔YouBike!北市交通局長怒轟 網紅發聲道歉,47
20240226,20240303,北市小內閣改組!環保局長請辭獲准 發言人兼掌青年局,31
20240226,20240303,包商跌迪化污水廠沉澱池 卡池內6小時死亡,31
20240304,20240310,蘇丹紅風波擴大! 不只禁辣椒粉.咖哩粉 胡椒粉也被波及,316
20240304,20240310,"市府內販毒!女科員""遭停職"" 蔣萬安:嚴懲嚴辦",151
20240304,20240310,北捷月台潑不明臭液 嫌落網辯:找嘸工作洩憤,70
20240304,20240310,港湖天然瓦斯突斷供! 寒冬洗冷水澡掀民怨,65
20240304,20240310,"北市殯儀館出包! 告別式""天花板掉落""砸人",43
20240304,20240310,大巨蛋紕漏連連民怨起 蔣萬安:將跨局總檢討,41
20240304,20240310,"蔣萬安出席活動合體林襄 會後自拍當""襄民""",39
20240304,20240310,"捷運站外違規擺攤貨遭倒地 攤商怒控警""耍流氓""",38
20240304,20240310,"掛號費不至於哄抬? 北市逾百家漲 部分""風波後""再漲",35
20240304,20240310,北市光復橋車禍 重機騎士慘死公車輪下,32
20240311,20240317,"家長發起""剴剴對不起""行動 連3周雙北市府獻花悼念",1421
20240311,20240317,三連霸北市議員陳重文 涉護航監視器業者遭搜索,287
20240311,20240317,電子申報資料與實際不符 北市衛生局再罰濟生144萬,197
20240311,20240317,北市康橋中學校車翻覆! 蔣萬安火速探視:希望一切平安,161
20240311,20240317,"北市通報""2嬰皆染諾羅"" 到院後1死1重傷",61
20240311,20240317,"8男""玩滑板""毀損捷運站玻璃 北捷:報警追查絕不寬貸",38
20240311,20240317,國光客運台北轉運站 2F女廁突冒火煙疑遭人縱火,29
20240311,20240317,市府要求基泰 賠償建議金額1.2倍,27
20240311,20240317,創熱身賽最高票房紀錄! 大巨蛋湧1.9萬球迷,24
20240311,20240317,跑酷玩家慘了! 南港展覽館外牆當溜滑梯恐挨告,24
20240318,20240324,北市警用監視器預算爆弊案! 陳重文遭疑涉案,389
20240318,20240324,追剴剴命案! 北檢再提訊涉案保母 釐清社工訪視真相,236
20240318,20240324,"台北文昌街57年老屋 深夜坍塌""2樓變1樓""",114
20240318,20240324,電價調升北捷恐漲價 蔣萬安:一定會審慎評估,106
20240318,20240324,"公車""撞進火鍋店""騎樓 2行人來不及閃""遭撞飛""",77
20240318,20240324,萬華最大應召角頭不滿前女友被搭訕 率眾鬥毆落跑,64
20240318,20240324,"中央稱2起""疑似""兒虐案 北市:男嬰3／21解剖.女童待調查",50
20240318,20240324,北市延吉街驚傳銀樓搶案 中年男子佯裝顧客行搶,36
20240318,20240324,執行公務竟酒駕! 拖吊車業者違規全都錄,25
20240318,20240324,"木椅腐蝕 鋼釘外露! 北市""共融公園""挨轟危險",20
20240325,20240331,寶林案全台累計通報28例 其中北市增6例,3316
20240325,20240331,"25年肥約水很深?契約書比一比""疑北市費用最貴""",426
20240325,20240331,對數發部大門連開3槍 嫌犯晚間移送北檢複訊,121
20240325,20240331,工地意外奪命! 台北士林牆面塌陷 砸中怪手駕駛亡,120
20240325,20240331,大巨蛋票房開紅盤 開幕戰預售2天破4萬,61
20240325,20240331,非首次! 男子2度台北車站噴辣椒水 民眾路過狂咳,48
20240325,20240331,"北市狂風暴雨 蔣萬安稱""已掌握"":局處同仁排除問題",41
20240325,20240331,鎖定皇池偷拍一年後分次外流 士檢:分案追查,32
20240325,20240331,"天道盟""韋小寶""辦彌月酒 中山分局長帶隊戒備",28
20240325,20240331,"台北信義威秀違法施工""掉鐵條""砸2人 遭開罰9萬",26
