{"chat": [[{"AiResponse": "您好，請問您要查詢什麼資料呢？", "AiTime": ""}, {"HumanInput": "告訴我所有客戶的平均單筆交易金額。", "AiResponse": "\n\n資料條件：\n1. 所有客戶\n2. 單筆交易金額\n3. 平均值\n\n資料欄位：\n1. 平均單筆交易金額 \n\n\n\n\n請問以上是否正確? 正確，請回答'1'，不正確，請回答'2'。", "HumanTime": "2024/11/1 下午4:48:35", "AiTime": "2024/11/1 下午4:54:34"}, {"HumanInput": "1", "AiResponse": "請重新嘗試", "HumanTime": "2024/11/1 下午4:54:58", "AiTime": "2024/11/1 下午4:55:02"}, {"HumanInput": "告訴我所有客戶的平均單筆交易金額。", "AiResponse": "\n\n資料條件：\n1. 所有客戶\n2. 單筆交易金額\n3. 平均值\n\n資料欄位：\n1. 平均單筆交易金額 \n\n\n\n\n請問以上是否正確? 正確，請回答'1'，不正確，請回答'2'。", "HumanTime": "2024/11/1 下午4:59:25", "AiTime": "2024/11/1 下午5:00:02"}, {"HumanInput": "1", "AiResponse": "請重新嘗試", "HumanTime": "2024/11/1 下午5:00:11", "AiTime": "2024/11/1 下午5:00:58"}, {"HumanInput": "告訴我所有客戶的平均單筆交易金額。", "AiResponse": "\n\n資料條件：\n1. 所有客戶\n2. 單筆交易金額\n3. 平均值\n\n資料欄位：\n1. 平均單筆交易金額 \n\n\n\n\n請問以上是否正確? 正確，請回答'1'，不正確，請回答'2'。", "HumanTime": "2024/11/1 下午5:01:23", "AiTime": "2024/11/1 下午5:06:58"}, {"HumanInput": "1", "AiResponse": "請重新嘗試", "HumanTime": "2024/11/1 下午5:07:03", "AiTime": "2024/11/1 下午5:24:42"}, {"HumanInput": "告訴我所有客戶的平均單筆交易金額。", "AiResponse": "\n\n資料條件：\n1. 所有客戶\n2. 單筆交易金額\n3. 平均值\n\n資料欄位：\n1. 平均單筆交易金額 \n\n\n\n\n請問以上是否正確? 正確，請回答'1'，不正確，請回答'2'。", "HumanTime": "2024/11/1 下午5:24:54", "AiTime": "2024/11/1 下午5:29:55"}, {"HumanInput": "1", "AiResponse": "請重新嘗試", "HumanTime": "2024/11/1 下午5:33:26", "AiTime": "2024/11/1 下午5:47:34"}, {"HumanInput": "告訴我所有客戶的平均單筆交易金額。", "AiResponse": "請重新嘗試", "HumanTime": "2024/11/1 下午5:55:12", "AiTime": "2024/11/1 下午5:55:17"}, {"HumanInput": "告訴我所有客戶的平均單筆交易金額。", "AiResponse": "\n\n資料條件：\n1. 所有客戶\n2. 單筆交易金額\n3. 平均值\n\n資料欄位：\n1. 平均單筆交易金額 \n\n\n\n\n請問以上是否正確? 正確，請回答'1'，不正確，請回答'2'。", "HumanTime": "2024/11/4 上午8:58:33", "AiTime": "2024/11/4 上午9:04:12"}, {"HumanInput": "1", "AiResponse": "查詢成功", "HumanTime": "2024/11/4 上午9:04:39", "AiTime": "2024/11/4 上午9:18:56"}], [{"AiResponse": "您好，請問您要查詢什麼資料呢？", "AiTime": ""}, {"HumanInput": "告訴我所有客戶的平均單筆交易金額。", "AiResponse": "\n\n資料條件：\n1. 所有客戶\n2. 單筆交易金額\n3. 平均值\n\n資料欄位：\n1. 平均單筆交易金額 \n\n\n\n\n請問以上是否正確? 正確，請回答'1'，不正確，請回答'2'。", "HumanTime": "2024/11/4 上午10:56:55", "AiTime": "2024/11/4 上午11:02:28"}, {"HumanInput": "1", "AiResponse": "請重新嘗試", "HumanTime": "2024/11/4 上午11:02:35", "AiTime": "2024/11/4 上午11:29:41"}, {"HumanInput": "告訴我所有客戶的平均單筆交易金額。", "AiResponse": "\n\n資料條件：\n1. 所有客戶\n2. 單筆交易金額\n3. 平均值\n\n資料欄位：\n1. 平均單筆交易金額 \n\n\n\n\n請問以上是否正確? 正確，請回答'1'，不正確，請回答'2'。", "HumanTime": "2024/11/4 上午11:30:50", "AiTime": "2024/11/4 上午11:36:20"}, {"HumanInput": "1", "AiResponse": "無法查詢，以下是系統生成的SQL：\nSELECT AVG(TA006) AS 平均單筆交易金額 FROM 交易資料表 JOIN 客戶資料表 ON 交易資料表.CI004 = 客戶資料表.CUS001\n資料庫來源：Oracle", "HumanTime": "2024/11/4 上午11:36:25", "AiTime": "2024/11/4 上午11:53:58"}], [{"AiResponse": "您好，請問您要查詢什麼資料呢？", "AiTime": ""}, {"HumanInput": "告訴我所有客戶的平均單筆交易金額。", "AiResponse": "\n\n資料條件：\n1. 所有客戶\n2. 單筆交易金額\n3. 平均值\n\n資料欄位：\n1. 平均單筆交易金額 \n\n\n\n\n請問以上是否正確? 正確，請回答'1'，不正確，請回答'2'。", "HumanTime": "2024/11/4 下午1:44:35", "AiTime": "2024/11/4 下午1:51:30"}, {"HumanInput": "1", "AiResponse": "請重新嘗試", "HumanTime": "2024/11/4 下午2:15:14", "AiTime": "2024/11/4 下午2:30:17"}, {"HumanInput": "告訴我所有客戶的平均單筆交易金額。", "AiResponse": "請重新嘗試", "HumanTime": "2024/11/4 下午4:09:14", "AiTime": "2024/11/4 下午4:12:16"}], [{"AiResponse": "您好，請問您要查詢什麼資料呢？", "AiTime": ""}, {"AiResponse": "\n\n資料條件：\n1. 所有客戶\n2. 單筆交易金額\n3. 平均值\n\n資料欄位：\n1. 平均單筆交易金額 \n\n\n\n\n請問以上是否正確? 正確，請回答'1'，不正確，請回答'2'。", "AiTime": "2024/11/4 下午4:18:21", "HumanInput": "告訴我所有客戶的平均單筆交易金額。", "HumanTime": "2024/11/4 下午4:12:29"}, {"AiResponse": "請重新嘗試", "AiTime": "2024/11/4 下午4:36:13", "HumanInput": "1", "HumanTime": "2024/11/4 下午4:18:31"}, {"AiResponse": "\n\n資料條件：\n1. 所有客戶\n2. 單筆交易金額\n3. 平均值\n\n資料欄位：\n1. 平均單筆交易金額 \n\n\n\n\n請問以上是否正確? 正確，請回答'1'，不正確，請回答'2'。", "AiTime": "2024/11/4 下午4:41:26", "HumanInput": "告訴我所有客戶的平均單筆交易金額。", "HumanTime": "2024/11/4 下午4:36:19"}, {"AiResponse": "查詢成功", "AiTime": "2024/11/4 下午4:55:13", "HumanInput": "1", "HumanTime": "2024/11/4 下午4:41:36"}, {"HumanInput": "告訴我所有年齡大於50歲客戶的交易記錄，包含客戶姓名與每筆交易金額。", "AiResponse": "##  \n\n**資料條件:**\n\n1. 所有\n2. 年齡大於50歲\n3. 客戶\n4. 交易記錄\n\n**資料欄位:**\n\n1. 客戶姓名\n2. 每筆交易金額 \n\n\n\n\n請問以上是否正確? 正確，請回答'1'，不正確，請回答'2'。", "HumanTime": "2024/11/4 下午5:09:40", "AiTime": "2024/11/4 下午5:15:35"}, {"HumanInput": "1", "AiResponse": "查詢成功", "HumanTime": "2024/11/4 下午5:23:52", "AiTime": "2024/11/4 下午5:39:13"}]], "chat_history_list": [{"chat_title": "告訴我所有客戶的平均單筆交易金額。", "chat_time": "2024/11/1 下午4:48:35", "chat_id": 0}, {"chat_title": "告訴我所有客戶的平均單筆交易金額。", "chat_time": "2024/11/4 上午10:56:55", "chat_id": 1}, {"chat_title": "告訴我所有客戶的平均單筆交易金額。", "chat_time": "2024/11/4 下午1:44:35", "chat_id": 2}, {"chat_title": "告訴我所有客戶的平均單筆交易金額。", "chat_time": "2024/11/4 下午4:12:29", "chat_id": 3}], "q_history": [[], [], [], ["告訴我所有客戶的平均單筆交易金額。", "告訴我所有客戶的平均單筆交易金額。", "告訴我所有年齡大於50歲客戶的交易記錄，包含客戶姓名與每筆交易金額。"]], "sql_history": [[], [], [], ["SELECT AVG(TA006) AS 平均單筆交易金額 FROM 交易資料表 JOIN 客戶資料表 ON 交易資料表.CI004 = 客戶資料表.CUS001", "SELECT AVG(TA006) AS 平均單筆交易金額 FROM 交易資料表\nJOIN 客戶資料表 ON 交易資料表.CI004 = 客戶資料表.CUS001", "SELECT DISTINCT CUS001, TA006 FROM 客戶資料表 C JOIN 交易資料表 T ON C.CUS001 = T.CI004 WHERE AG006 > 50"]], "db_history": [[], [], [], [["Oracle", "TestDB"], ["Oracle", "TestDB"], ["Oracle", "TestDB"]]]}